time,tot_INT,tot_IE,tot_IMS,tot_reduced,num_INT,num_IE,num_IMS,num_INT_IE,num_INT_IMS,num_IE_IMS
0.0,856.6197595598427,2920.673686204749,698.9305178294559,0.0,1381,2543,362,5,1,0
1.0,889.8917631734126,2887.712638830596,698.6195615900401,0.0,1381,2543,362,5,1,0
2.0,843.4344231010214,2848.89076910613,698.6195615900401,85.27920979685656,1411,2421,361,97,2,0
3.0,805.3566108272706,2780.1562169185854,698.6195615900401,192.09157425814777,1390,2360,361,157,2,0
4.0,754.3055857171195,2713.073399628073,698.6195615900401,310.2254166588115,1319,2244,361,263,2,0
5.0,882.5094047307894,2641.073616043172,698.6195615900401,253.57300279036744,1142,2155,361,346,2,0
6.0,982.8001321723519,2561.243481107253,698.171729196982,231.73078942966967,1220,2064,361,432,2,0
7.0,1071.6714070652413,2476.1491978654453,694.9240873427875,227.20668662638295,1254,1909,360,573,3,0
8.0,1131.3128014126103,2397.0376433904203,693.9049435869453,242.77110156462805,1287,1849,353,631,10,0
9.0,1198.3878653456525,2334.3417873704775,693.9049435869453,233.25404135150637,1295,1814,350,658,13,0
0.0,858.8571429898981,2911.206301679673,687.374132974031,0.0,1381,2543,362,5,1,0
1.0,893.1075865838397,2877.279219414523,687.0507716452372,0.0,1381,2543,362,5,1,0
2.0,843.3436275408557,2837.263232948509,687.0507716452372,89.7799455089981,1420,2421,361,88,2,0
3.0,806.2138749682975,2762.6641744945223,687.0507716452372,201.50875653554277,1401,2335,361,172,2,0
4.0,761.363342855857,2693.29024019332,687.0507716452372,315.7332229491882,1328,2235,361,263,2,0
5.0,881.3641191179422,2628.3980739880813,686.6550800366132,261.65986011617986,1176,2174,361,317,2,0
6.0,969.2803442382517,2557.7169283446256,686.3354181817621,242.9434812161992,1234,2115,361,366,2,0
7.0,1052.5401369656631,2480.514541791821,686.3354181817621,237.3122689408951,1275,1969,360,505,3,0
8.0,1117.6750497509472,2412.520375208494,686.3354181817621,237.07506961696475,1300,1860,359,605,4,0
9.0,1200.0336656120987,2343.1864103645144,684.7435588389202,221.0285635430819,1312,1841,359,617,4,0
10.0,1272.4027366961159,2266.61169201378,683.8290845958209,217.96726429524614,1356,1813,356,637,7,0
11.0,1349.6462499213278,2197.14062520466,682.2113096261528,199.56200120865304,1396,1732,353,708,10,0
12.0,1512.8120481564017,2116.94738758896,679.9447803864437,118.8559698289929,1412,1683,348,754,15,0
13.0,1635.6640196296578,2039.100891713339,678.368148953386,75.4271256644183,1480,1636,343,789,20,0
14.0,1718.080353856307,1961.7289601318423,677.8747363501346,70.87613562251781,1505,1610,340,804,23,0
15.0,1725.6799984600343,1892.6987102278943,675.5943273958737,134.58714987699778,1530,1602,340,790,23,0
16.0,1786.6184324418462,1806.32878794874,673.3197840212788,162.23317923730858,1532,1621,339,748,24,0
17.0,1857.4409471764636,1747.9496732695088,671.996488608649,150.60317083329554,1577,1632,336,688,27,0
18.0,1914.1599804166099,1711.3589867119517,670.7087479046132,130.8630370046637,1614,1622,337,671,26,0
19.0,1987.5995971131147,1663.9762786121285,669.8655256140042,103.10660309526939,1637,1575,334,702,29,0
20.0,2029.5053665678608,1630.1895551769367,668.0451800722531,89.82351132261064,1657,1555,328,699,35,0
21.0,2072.8155569965443,1592.883809857216,665.3074033226553,79.71309290840865,1679,1541,326,693,37,0
22.0,2113.768595142347,1556.139024624516,662.9898642209507,68.73664805529177,1704,1534,320,683,43,0
23.0,2121.38422739085,1549.1258501129455,661.2205609875031,59.797658917645556,1729,1542,317,652,46,0
24.0,2227.373666096279,1480.4415571678528,659.5362838935071,24.176790251308294,1743,1556,317,621,46,0
25.0,2304.9769300240864,1409.916225402182,659.3796669909412,17.25547499173669,1786,1526,314,614,49,0
26.0,2331.7721074311266,1377.8925302644252,659.0571011831153,22.806558530281343,1827,1518,314,584,49,0
27.0,2359.551343713876,1335.2045344689432,658.5582451099943,38.21417411613426,1857,1506,314,566,49,0
28.0,2401.377411284778,1293.89424290214,657.8050678285465,38.90036287475258,1892,1515,319,520,44,0
29.0,2446.6568778439528,1259.9822321206377,656.3199995242323,30.06157968571176,1947,1518,318,462,45,0
30.0,2474.5855750203473,1236.9676059564233,654.914805097783,26.113393817686912,1987,1509,313,432,50,0
0.0,834.2460297440945,2930.035244376157,702.5850896292541,0.0,1381,2543,362,5,1,0
1.0,873.5328322407254,2890.7484418795243,702.5850896292541,0.0,1381,2543,362,5,1,0
2.0,860.5372465642392,2826.5229142426733,702.5850896292541,77.22111331333747,1383,2458,362,88,1,0
3.0,833.9455950431701,2758.0210183990393,702.1170117200588,172.78273858723435,1377,2377,362,165,1,0
4.0,784.7427586683598,2695.4105123166373,701.5310929515485,285.1819998129568,1321,2271,361,265,2,0
0.0,850.36384255861,2944.6259253785165,701.9512467963996,0.0,1381,2543,362,5,1,0
1.0,894.5375689387776,2900.452198998346,701.9512467963996,0.0,1381,2543,362,5,1,0
2.0,875.8861642379527,2829.893680189365,701.9512467963996,89.20992350980619,1381,2470,362,78,1,0
3.0,840.7024727114591,2759.9541934797517,701.9512467963996,194.3331017459144,1380,2300,362,234,1,0
4.0,797.2873487805066,2691.0130243592725,701.9512467963996,306.6893947973478,1299,2205,362,325,1,0
5.0,924.6575564306888,2626.1584578528186,700.9348863013954,245.45523112147993,1108,2119,362,410,1,0
0.0,858.34029813211,2946.039768005375,703.299935156769,0.0,1381,2543,362,5,1,0
1.0,901.5691285891849,2902.8109375483004,703.299935156769,0.0,1381,2543,362,5,1,0
2.0,887.8584518071779,2836.2214685381437,703.299935156769,80.30014579216089,1382,2459,362,88,1,0
3.0,864.2467352235038,2748.5383777608417,703.299935156769,191.59495315313336,1370,2372,362,172,1,0
4.0,829.2792930648419,2673.861300479424,703.299935156769,301.2394725932143,1330,2133,362,386,1,0
5.0,944.5496934330213,2599.2596529671932,702.7199625118566,262.3354105981836,1150,2072,362,444,1,0
6.0,1023.2014646516325,2541.97866168279,702.7199625118566,240.05418121170288,1211,2015,361,496,2,0
7.0,1067.13921726186,2463.1258087926576,702.7199625118566,274.0305312503169,1267,1982,361,525,2,0
8.0,1158.219310827591,2367.5206085641935,700.8507704007783,275.30533272610984,1254,1961,361,537,2,0
9.0,1223.6207989786703,2304.95888424166,698.9116700097223,268.5959865554171,1297,1906,357,575,6,0
0.0,860.6087901664295,2951.7875914216484,702.2343766622275,0.0,1381,2543,362,5,1,0
1.0,915.3804976576005,2897.0158839304722,702.2343766622275,0.0,1381,2543,362,5,1,0
2.0,912.4614860064785,2818.6220391426914,702.2343766622275,81.31285643890567,1383,2426,362,120,1,0
0.0,866.9601925991096,2931.186431986299,689.9632310676462,0.0,1382,2543,362,4,1,0
1.0,923.821486025552,2874.3251385598523,689.9632310676462,0.0,1382,2543,362,4,1,0
2.0,891.0878738680572,2801.137078376135,689.9632310676462,105.92167234121294,1411,2350,362,168,1,0
0.0,864.1146481438362,2922.7583939735136,706.8645670902682,0.0,1381,2543,362,5,1,0
1.0,913.3732613002525,2873.499780817094,706.8645670902682,0.0,1381,2543,362,5,1,0
0.0,848.7473729623806,2981.7413795822586,699.3847116394417,0.0,1381,2543,362,5,1,0
1.0,902.4001973714177,2928.088555173218,699.3847116394417,0.0,1381,2543,362,5,1,0
2.0,899.5646270630263,2852.560615789191,699.3847116394417,78.3635096924207,1408,2368,362,153,1,0
3.0,879.257745975515,2765.5904422894837,698.9420040028641,186.08327191621234,1412,2190,362,312,1,0
4.0,845.1940581727387,2680.9437983307307,698.9420040028641,304.7936036777423,1330,2084,361,413,2,0
5.0,941.7127409706452,2617.237168689549,698.2789170014503,272.35618903920255,1155,2024,362,457,1,0
6.0,1016.4102914321627,2544.4964039707274,698.2789170014503,267.0398500920713,1217,1923,359,553,4,0
7.0,1086.932671102038,2461.0352282948065,697.7599120164788,276.75968056060157,1272,1887,359,580,4,0
8.0,1140.1486297057124,2387.896274052009,697.7599120164788,291.3830494412291,1303,1857,358,598,5,0
0.0,857.0737218359907,2961.470925476773,694.0467068651122,0.0,1381,2543,362,5,1,0
0.0,857.0737218359907,2961.470925476773,694.0467068651122,0.0,1381,2543,362,5,1,0
0.0,858.796151811752,2959.7484955010123,694.0467068651122,0.0,1381,2543,362,5,1,0
0.0,860.4490632764343,2958.09558403633,694.0467068651122,0.0,1381,2539,362,9,1,0
0.0,861.2124308617764,2957.3322164509877,694.0467068651122,0.0,1383,2533,362,13,1,0
0.0,861.3432379859336,2956.9861055798606,694.0467068651122,0.21530374697016355,1383,2533,362,13,1,0
0.0,861.8672436063999,2956.354448085909,694.0467068651122,0.32295562045524534,1383,2533,362,13,1,0
0.0,861.9349910881444,2955.686661629622,694.0467068651122,0.9229945949979752,1383,2533,362,13,1,0
0.0,851.4125188247069,2906.170258597195,708.5294355242385,0.0,1381,2543,362,5,1,0
1.0,891.9717241343363,2865.6110532875678,708.5294355242385,0.0,1381,2543,362,5,1,0
2.0,886.6015135972842,2793.575702422324,708.5294355242385,77.40556140229569,1382,2464,362,83,1,0
3.0,880.6549807003743,2700.9883528486203,708.5294355242385,175.93944387290773,1368,2331,362,214,1,0
4.0,835.332381949123,2637.542785998031,707.3814743356555,285.85557066333155,1325,2101,362,415,1,0
5.0,928.2866313542846,2583.340365059064,707.3814743356555,247.11708787468518,1176,2049,360,460,3,0
6.0,1009.5964633828116,2510.5887940519265,706.3679196869451,239.63968022260863,1212,2005,360,498,3,0
7.0,1077.172855025237,2429.14098915271,706.3679196869451,250.6814629899991,1255,1884,358,606,5,0
8.0,1141.9254981634786,2337.5440251934037,705.5800531961328,270.5321083028903,1269,1830,357,654,6,0
9.0,1229.2801496512307,2243.4968846649895,704.7772239785932,268.04891008226167,1312,1789,355,683,8,0
10.0,1346.7245397481504,2149.538058018008,703.142828763483,235.94873643856877,1331,1748,353,715,10,0
11.0,1436.2585779193216,2056.71843263672,702.0992938289447,225.75784960939058,1366,1694,349,756,14,0
12.0,1605.2375204506611,1986.417744682777,701.3633140811601,127.81557477977942,1413,1689,350,746,13,0
13.0,1703.8967599991474,1914.7285582589532,700.0718094242425,102.13702631203235,1493,1632,347,783,16,0
14.0,1778.0056805863424,1845.3978512770252,699.6868825866253,97.74373954438585,1527,1607,345,785,18,0
15.0,1767.9792522178516,1786.7963524674358,698.9199918139471,167.13855749514497,1550,1594,345,773,18,0
16.0,1867.9799870849072,1709.5444712384146,698.3559675932893,145.72904369864403,1560,1610,345,727,18,0
17.0,1951.8242139505594,1653.7805548544177,694.5939690282344,122.13203421405565,1600,1612,343,686,20,0
18.0,1997.6545100059116,1627.4654519531105,693.6112814214234,100.81736613651837,1635,1599,339,670,24,0
19.0,2040.6604506552956,1591.9298800793968,691.9896579326694,91.13654400287972,1668,1569,337,680,26,0
20.0,2082.684078145825,1555.940904279358,689.1575665717942,85.68241066273639,1686,1559,334,668,29,0
21.0,2127.7931206110848,1523.9314128931533,688.239957492209,68.99816295006657,1713,1565,329,641,34,0
0.0,860.2130100645562,2903.2254072175715,696.7059935724888,0.0,1382,2543,362,4,1,0
0.0,855.1896065395861,2913.7161869858314,699.8943271914387,0.0,1381,2543,362,5,1,0
0.0,853.6292966564077,2946.562757553941,696.1925062338292,0.0,1381,2543,362,5,1,0
0.0,833.0536759506721,2941.8159058911565,699.1597681875046,0.0,1381,2543,362,5,1,0
0.0,854.6341786255846,2949.8960187258417,696.9532308637182,0.0,1381,2543,362,5,1,0
0.0,844.6082461295324,2927.4337106525013,698.8777425813414,0.0,1381,2543,362,5,1,0
0.0,855.7253870826314,2941.3354463556575,694.627649379924,0.0,1382,2543,362,4,1,0
0.0,868.7217097834791,2929.562166638289,693.5671168391042,0.0,1381,2543,362,5,1,0
0.0,853.1160701306004,2937.8932088967767,700.0005502615659,0.0,1381,2543,362,5,1,0
0.0,865.4985743696591,2921.574074706059,697.5410805695522,0.0,1381,2543,362,5,1,0
0.0,861.1969070248808,2950.501461285023,690.4030614155226,0.0,1382,2543,362,4,1,0
0.0,870.5396741783046,2903.750833840288,695.3827935686038,0.0,1381,2543,362,5,1,0
0.0,841.1956831094213,2962.894141121246,698.9417741229247,0.0,1381,2543,362,5,1,0
0.0,841.1956831094213,2962.894141121246,698.9417741229247,0.0,1381,2543,362,5,1,0
0.0,862.3022940476504,2964.2518404357997,701.2761236449204,0.0,1381,2543,362,5,1,0
0.0,865.481545687279,2961.072588796172,701.2761236449204,0.0,1381,2543,362,5,1,0
0.0,875.2230063045891,2949.2350197144096,701.2761236449204,2.096108464452847,1389,2525,362,15,1,0
0.0,893.55996832728,2923.670042641907,701.2761236449204,9.32412351426203,1389,2509,362,31,1,0
0.0,912.7420058472843,2895.9714121273614,701.2761236449204,17.840716508801997,1385,2450,362,90,1,0
0.0,938.7472139757627,2864.530889358986,701.2761236449204,23.27603114870043,1385,2401,362,138,1,0
0.0,957.914895741858,2851.1176735632603,700.8313658828516,17.966322940399014,1385,2363,362,174,1,0
0.0,867.6156059417896,2943.4680936781006,701.6055180032632,0.0,1381,2543,362,5,1,0
0.0,868.8082199377204,2942.27547968217,701.6055180032632,0.0,1381,2543,362,5,1,0
0.0,889.96316934999,2920.1043891676854,701.6055180032632,1.0161411022120703,1381,2541,362,7,1,0
0.0,912.9875597628061,2881.248103765537,701.6055180032632,16.84803609154287,1389,2473,362,67,1,0
0.0,865.4209977470665,2889.0321858921366,696.0632036874815,0.0,1381,2543,362,5,1,0
1.0,911.576843010625,2842.876340628579,696.0632036874815,0.0,1381,2543,362,5,1,0
2.0,886.867574457204,2779.125601166834,696.0632036874815,88.46000801516297,1388,2433,362,108,1,0
3.0,832.604101111541,2717.8803879003904,696.0632036874815,203.96869462727048,1377,2363,362,176,1,0
4.0,784.9892490322815,2645.641897414963,695.3006557636951,324.5845851157462,1303,2301,362,234,1,0
5.0,900.8006811643492,2586.974311335368,693.867305011399,268.88246557179014,1115,2155,360,374,3,0
6.0,988.9136933371584,2529.6616587569015,693.2797440175173,237.5626855296752,1206,2096,357,427,6,0
7.0,1056.0088023191636,2462.276085705511,693.2797440175173,235.3047085167512,1242,2058,356,458,7,0
8.0,1100.2956168966202,2412.4215442494715,692.4342159393476,236.7437601413149,1272,2011,356,499,7,0
9.0,1165.0523249847975,2336.297217759069,692.4342159393476,242.14059997520485,1300,1978,354,529,9,0
10.0,1271.330017918039,2241.2488844962213,691.8782516478954,216.68998763328167,1314,1890,354,604,9,0
11.0,1369.6621317757786,2155.150911080103,690.7978858629606,192.62631038142783,1342,1868,355,621,8,0
0.0,828.7467009704724,2915.9806012505173,698.2693911603118,0.0,1382,2543,362,4,1,0
0.0,857.4893952841086,2942.8304775954084,701.2326738968483,0.0,1381,2543,362,5,1,0
0.0,855.4413098825023,2938.007516104005,708.7116312918171,0.0,1381,2543,362,5,1,0
0.0,851.6827716726906,2899.327655220401,704.6875278305583,0.0,1381,2543,362,5,1,0
0.0,861.369462468065,2945.2394250910406,698.4321830780106,0.0,1381,2543,362,5,1,0
1.0,914.8179562093101,2891.7909313497967,698.4321830780106,0.0,1381,2543,362,5,1,0
2.0,917.7582199909074,2809.746494363107,698.4321830780106,79.10417320509283,1407,2369,362,153,1,0
3.0,874.8086593240519,2734.358864849578,698.4321830780106,197.44136338547005,1396,2264,362,250,1,0
4.0,829.2497370502942,2656.1696085607105,698.1176974332203,321.5040275928817,1322,2141,362,365,1,0
5.0,950.3991698228763,2574.1547001477693,698.1176974332203,281.5092063098477,1139,1992,361,494,2,0
0.0,871.6695465735448,2923.8951138138364,695.4787949518418,0.0,1381,2543,362,5,1,0
1.0,914.6263273242859,2880.938333063095,695.4787949518418,0.0,1381,2543,362,5,1,0
2.0,892.4154827783647,2817.026886125826,695.4787949518418,86.12229148318737,1382,2462,362,85,1,0
3.0,845.951314690923,2742.3746741714212,695.4787949518418,207.23867152503186,1375,2329,362,210,1,0
4.0,795.6311442790247,2669.247920461974,695.0888428173573,331.0755477808625,1294,2206,362,329,1,0
0.0,862.0386029417105,2921.511010637788,692.8028895386808,0.0,1381,2543,362,5,1,0
1.0,906.17647360729,2877.3731399722096,692.8028895386808,0.0,1381,2543,362,5,1,0
2.0,899.276609023698,2800.3227921188986,692.8028895386808,83.95021243690333,1382,2463,362,84,1,0
3.0,879.4370708827968,2719.459399701612,692.8028895386808,184.65314299509006,1406,2222,362,286,1,0
4.0,826.5675306479867,2653.642551648626,692.8028895386808,303.3395312828855,1351,2127,362,373,1,0
0.0,850.6904615139254,2943.216922798611,697.4659595426068,0.0,1381,2543,362,5,1,0
1.0,896.1376290885346,2897.7697552239993,697.4659595426068,0.0,1381,2543,362,5,1,0
2.0,878.3577127849964,2829.436578605958,697.4659595426068,86.11309292157614,1408,2397,362,124,1,0
3.0,849.2648273934672,2747.7698959717554,697.4659595426068,196.87266094730577,1395,2321,362,190,1,0
4.0,802.449602397951,2671.151527014944,696.1995014193006,321.5727130229399,1321,2206,362,298,1,0
4.0,802.309236471102,2671.151527014944,696.1995014193006,321.71307894978867,1157,2096,359,403,4,0
4.0,802.602746878537,2670.855728629636,696.1995014193006,321.71536692766165,1157,2096,359,403,4,0
0.0,859.2737807112476,2936.923953684468,694.7461823337624,0.0,1382,2543,362,4,1,0
1.0,901.0300851003713,2895.1676492953416,694.7461823337624,0.0,1382,2543,362,4,1,0
2.0,875.0538611404904,2830.0797491342782,694.7461823337624,91.06412412094431,1382,2468,362,79,1,0
3.0,838.4122429587796,2761.9426599424633,694.7461823337624,195.84283149446668,1360,2382,362,164,1,0
4.0,793.4078143964056,2687.58911936073,693.9693741335725,315.97760883876504,1295,2296,362,249,1,0
0.0,841.5297090119622,2933.3449522756637,694.8780803481079,0.0,1381,2543,362,5,1,0
1.0,888.9025517583199,2885.9721095293035,694.8780803481079,0.0,1381,2543,362,5,1,0
2.0,873.2772626122932,2815.8193869369397,694.8780803481079,85.77801173839272,1381,2447,362,101,1,0
3.0,838.7079496041976,2739.857519785492,694.8780803481079,196.3091918979357,1359,2368,362,178,1,0
4.0,787.2357278573191,2669.6914614940506,694.8780803481079,317.9474719362549,1289,2227,362,314,1,0
0.0,842.1150003842741,2910.2668587081757,700.5233891106163,0.0,1381,2543,362,5,1,0
1.0,894.6686069229648,2857.7132521694834,700.5233891106163,0.0,1381,2543,362,5,1,0
2.0,885.7623072396074,2783.591510409878,700.5233891106163,83.02804144296546,1389,2403,362,137,1,0
3.0,857.8825196304853,2707.5203405627026,700.5233891106163,186.97899889926094,1379,2256,362,270,1,0
4.0,824.1462014219628,2630.343521919137,698.7679967722391,299.6475280897246,1298,2183,362,334,1,0
4.0,825.2166598606761,2629.273063480424,698.7679967722391,299.6475280897246,1119,2090,358,424,5,0
4.0,825.4012707305319,2628.576218752919,698.7679967722391,300.1597619473736,1119,2090,358,424,5,0
0.0,857.5461789217583,2936.1050176064073,699.7156614420874,0.0,1381,2543,362,5,1,0
1.0,911.9192492053072,2882.084256200576,699.3633525643666,0.0,1381,2543,362,5,1,0
2.0,901.6544269461887,2802.54673037484,699.3633525643666,89.80234808485095,1399,2380,362,150,1,0
3.0,875.6048952539579,2712.7924404181217,699.3633525643666,205.60616973379774,1393,2274,362,248,1,0
4.0,829.7737227481081,2636.2074470308266,698.577408916883,328.80827927442925,1318,2186,362,328,1,0
0.0,863.256900537104,2928.4221696165814,700.1681855627913,0.0,1381,2543,362,5,1,0
1.0,912.5184536549262,2879.1606164987606,700.1681855627913,0.0,1381,2543,362,5,1,0
2.0,903.1488303797664,2804.278970742057,700.1681855627913,84.25126903186539,1409,2371,362,149,1,0
3.0,877.5033453605981,2725.013926082057,700.1681855627913,189.16179871103373,1396,2277,362,233,1,0
4.0,821.4992011323419,2658.4794156775647,700.1681855627913,311.70045334378216,1318,2196,362,306,1,0
0.0,861.3685113118621,2888.9177873219346,701.1754666874226,0.0,1381,2543,362,5,1,0
1.0,910.8672372739355,2839.419061359861,701.1754666874226,0.0,1381,2543,362,5,1,0
2.0,907.0339638013024,2762.125568610345,701.1754666874226,81.12676622214867,1401,2384,362,144,1,0
3.0,868.2805945469859,2686.3730159020606,701.1754666874226,195.63268818474398,1401,2296,362,219,1,0
4.0,827.9584409035614,2608.0491697643834,700.3500696311836,315.10408502208594,1343,2156,362,346,1,0
0.0,847.989467921752,2902.942194737997,701.7417596877034,0.0,1381,2543,362,5,1,0
1.0,900.7150941535423,2850.2165685062078,701.7417596877034,0.0,1381,2543,362,5,1,0
2.0,875.7087954990621,2785.2678183464127,701.7417596877034,89.95504881427163,1385,2425,362,119,1,0
3.0,837.7572095655476,2708.976664762898,701.7417596877034,204.19778833130104,1367,2320,362,219,1,0
4.0,809.2475970125588,2626.0044526305524,701.3869973102295,316.034375394109,1313,2128,362,377,1,0
0.0,865.7122080094733,2907.605173868205,697.6870284083244,0.0,1381,2543,362,5,1,0
1.0,908.2096636739578,2865.1077182037225,697.6870284083244,0.0,1381,2543,362,5,1,0
2.0,886.2798756250832,2799.7468102481685,697.6870284083244,87.29069600442875,1383,2454,362,92,1,0
3.0,850.7034702293785,2724.9669023274123,697.6870284083244,197.64700932088994,1374,2317,362,224,1,0
4.0,815.1875957468906,2648.841085790874,697.3679599073738,309.60776884086556,1306,2234,362,298,1,0
0.0,860.5669873141693,2940.191704483603,691.9723695138217,0.0,1382,2543,362,4,1,0
1.0,906.9460103001619,2893.812681497609,691.9723695138217,0.0,1382,2543,362,4,1,0
2.0,892.7295874871817,2820.6548457501044,691.9723695138217,87.37425856048083,1382,2460,362,87,1,0
3.0,858.2737712215687,2745.6289950538603,691.5952416415429,197.23305339461302,1361,2342,362,202,1,0
4.0,804.5164979451582,2685.865790985563,691.5952416415429,310.7535307393212,1288,2203,362,334,1,0
0.0,846.2852020407996,2919.654559530006,699.0693896555047,0.0,1381,2543,362,5,1,0
1.0,897.9421407895151,2867.9976207812874,699.0693896555047,0.0,1381,2543,362,5,1,0
2.0,900.4853270684881,2788.467452901617,699.0693896555047,76.98698160069894,1391,2393,362,145,1,0
3.0,876.4712193188554,2710.9944153443184,699.0693896555047,178.47412690763102,1388,2303,362,221,1,0
4.0,846.8883271866391,2629.5635166499655,698.5800865954884,289.9772207942189,1308,2145,362,371,1,0
0.0,845.4616184460077,2977.0872610204747,705.6975159288074,0.0,1381,2543,362,5,1,0
1.0,900.653223474385,2921.8956559920944,705.6975159288074,0.0,1381,2543,362,5,1,0
2.0,900.3939277343022,2843.315105747309,705.6975159288074,78.83984598487135,1421,2346,362,162,1,0
3.0,889.7101771413827,2752.6393576764967,705.6975159288074,180.19934464860447,1411,2245,362,258,1,0
4.0,856.826465551509,2665.777416490164,704.7787669132665,300.86374644035186,1351,2076,362,406,1,0
0.0,878.7003744699933,2974.5871104252233,701.9589161995766,0.0,1381,2543,362,5,1,0
1.0,933.7387185776377,2919.5487663175804,701.9589161995766,0.0,1381,2543,362,5,1,0
2.0,930.9378842263175,2835.393618649957,701.6440516923077,87.27084652621257,1408,2355,362,166,1,0
3.0,908.386822436495,2734.676092459155,701.6440516923077,210.53943450683528,1420,2153,362,344,1,0
4.0,867.3426739134085,2650.93319035428,700.5626376779373,336.4078991491668,1345,2041,362,445,1,0
4.0,868.0901651597255,2649.927032082921,700.5626376779373,336.6665661742089,1142,1927,360,551,3,0
0.0,874.3091410479452,2956.024769511361,692.8506535980097,0.0,1381,2543,362,5,1,0
1.0,920.745969126669,2909.5879414326323,692.8506535980097,0.0,1381,2543,362,5,1,0
2.0,924.3193481466944,2825.7403208880614,692.8506535980097,80.27424152454704,1392,2411,362,126,1,0
3.0,905.8430251230653,2740.115215445386,692.8506535980097,184.37566999085223,1382,2291,362,238,1,0
4.0,862.368930980457,2668.1222055121493,692.8506535980097,299.8427740666964,1304,2203,362,322,1,0
0.0,852.2266299373061,2972.990370076187,704.1323085440464,0.0,1381,2543,362,5,1,0
1.0,897.7454145797826,2927.471585433709,704.1323085440464,0.0,1381,2543,362,5,1,0
2.0,888.3492394445667,2849.5695961334654,704.1323085440464,87.29816443545437,1382,2461,362,86,1,0
3.0,852.6155200735046,2775.270415748119,704.1323085440464,197.3310641918616,1369,2348,362,197,1,0
4.0,810.2801499539737,2706.3904938741503,703.7011902164011,308.97747451300603,1293,2257,362,286,1,0
0.0,862.3508547703666,2915.4949996509176,698.6858060908341,0.0,1382,2543,362,4,1,0
1.0,896.8996968138824,2880.946157607401,698.6858060908341,0.0,1382,2543,362,4,1,0
2.0,887.5377793011501,2805.4656699387306,698.6858060908341,84.84240518139916,1382,2481,362,66,1,0
3.0,867.4661422268969,2726.4695075856125,698.6858060908341,183.91020460876626,1382,2274,362,252,1,0
4.0,830.9132756468596,2656.5992691046213,698.3171803042193,290.7019354564085,1322,2118,362,398,1,0
0.0,851.4237711956366,2952.3765103371024,693.4621774994666,0.0,1381,2543,362,5,1,0
1.0,900.2167100950471,2903.5835714376904,693.4621774994666,0.0,1381,2543,362,5,1,0
2.0,896.8670678661034,2829.6775426156387,693.4621774994666,77.25567105099272,1400,2399,362,130,1,0
3.0,868.2870974301292,2751.9425922717724,693.1084825511473,183.92428677915962,1389,2273,362,249,1,0
4.0,835.7949670620662,2672.3126528330395,693.1084825511473,296.04635658595095,1321,2124,361,386,2,0
4.0,836.3582057813562,2671.7296600704963,693.1084825511473,296.06611062920393,1135,2049,361,458,2,0
4.0,835.3455392033636,2672.2362018176486,693.1084825511473,296.57223546004485,1134,2049,361,458,2,0
4.0,836.5065245674639,2671.5600981157677,693.1084825511473,296.57223546004485,1134,2050,361,457,2,0
0.0,853.264206265888,2921.4570191413604,697.7331124869173,0.0,1381,2543,362,5,1,0
1.0,895.0238835816733,2879.6973418255743,697.7331124869173,0.0,1381,2543,362,5,1,0
2.0,868.3260137200206,2812.7029932672003,697.7331124869173,93.69221842002088,1386,2454,362,89,1,0
3.0,840.5566306865253,2732.071627756681,697.7331124869173,202.09296696403672,1366,2321,362,222,1,0
4.0,799.7679944944688,2664.662062066673,696.6496228409999,311.3746584920263,1298,2165,362,371,1,0
0.0,851.6291347497979,2926.4670694467895,699.4738186371866,0.0,1381,2543,362,5,1,0
1.0,897.8913585480847,2880.544196471254,699.1344678144345,0.0,1381,2543,362,5,1,0
2.0,874.3772262422568,2811.398913983974,699.1344678144345,92.65941479310528,1399,2399,361,131,2,0
3.0,842.3260804067605,2744.3195652690683,699.1344678144345,191.78990934351006,1391,2322,361,198,2,0
4.0,788.5528883315621,2687.6200642059734,698.5686238385902,302.8284464576468,1320,2251,361,263,2,0
5.0,913.059111950748,2629.1368230254143,696.8907580907605,238.48332976685256,1155,2191,360,318,3,0
6.0,974.0374615684027,2557.8074053227733,696.4232681868823,247.88622614157887,1224,2106,356,396,7,0
0.0,853.7035035291875,2965.7838820482793,700.5433887162123,0.0,1381,2543,362,5,1,0
1.0,894.9854576212812,2924.501927956184,700.5433887162123,0.0,1381,2543,362,5,1,0
2.0,880.6557561363846,2852.1951069353277,700.5433887162123,86.63652250575366,1382,2456,362,91,1,0
3.0,861.3231840446406,2765.792953857813,700.5433887162123,192.3712476750105,1383,2281,362,253,1,0
4.0,837.8342041075539,2686.436468361174,700.0685788153462,295.69152300959985,1303,2162,362,370,1,0
0.0,857.857234764159,2944.555485776702,699.1712942054368,0.0,1381,2543,362,5,1,0
1.0,909.482636950219,2893.2305200344335,698.8708577616404,0.0,1381,2543,362,5,1,0
2.0,900.8538460925737,2814.333827830126,698.8708577616404,87.52548306195698,1421,2353,362,155,1,0
3.0,860.9404525518883,2738.512771437101,698.4675717306859,203.6632190266215,1409,2265,362,236,1,0
4.0,822.0143775831901,2659.2938824179173,698.1516817358391,322.1240730093422,1324,2144,362,350,1,0
0.0,860.9514796373481,2884.442004974121,688.7703433155511,0.0,1381,2543,362,5,1,0
1.0,904.1254319175501,2841.2680526939203,688.7703433155511,0.0,1381,2543,362,5,1,0
2.0,876.9405565378065,2781.2210385056164,688.7703433155511,87.23188956804645,1383,2456,362,90,1,0
3.0,849.5671965796151,2697.926234733141,688.7703433155511,197.90005329871417,1378,2315,362,220,1,0
4.0,803.0579733825167,2626.5375942754467,687.4229222923285,317.1453379767245,1287,2192,362,341,1,0
5.0,930.4348147740664,2554.7780404240734,686.8971163093461,261.343124226954,1095,2109,359,423,4,0
0.0,866.0579903013338,2905.3594019451293,697.718546146189,0.0,1381,2543,362,5,1,0
1.0,905.1402413077736,2866.2771509386903,697.718546146189,0.0,1381,2543,362,5,1,0
2.0,873.7176703447774,2806.4853519581325,697.718546146189,91.21436994355325,1381,2468,362,80,1,0
3.0,850.9988825642663,2729.097747430264,697.718546146189,191.32076225193313,1366,2374,362,171,1,0
4.0,800.2593524518232,2665.2048118309995,697.718546146189,305.9532279636401,1307,2223,362,319,1,0
0.0,846.2693156814778,2919.631687610081,696.8788314659423,0.0,1381,2543,362,5,1,0
1.0,906.2693842247497,2859.631619066808,696.8788314659423,0.0,1381,2543,362,5,1,0
2.0,904.6053332878301,2780.3405441741106,696.8788314659423,80.9551258296158,1426,2321,362,182,1,0
3.0,872.8714748650727,2699.1790409907167,696.4380701179292,194.2912487837815,1421,2210,362,282,1,0
4.0,813.659890445905,2628.104457412986,696.4380701179292,324.5774167806812,1351,2110,362,368,1,0
4.0,813.659890445905,2628.104457412986,696.4380701179292,324.5774167806812,1178,2008,362,456,1,0
0.0,852.8871075286563,2932.869745548674,691.4375961617095,0.0,1382,2543,362,4,1,0
1.0,907.6030805571438,2878.153772520183,691.4375961617095,0.0,1382,2543,362,4,1,0
2.0,894.0401609555753,2803.5822521224095,691.4375961617095,88.13443999933897,1411,2364,362,154,1,0
3.0,861.4929384910516,2720.4111741706492,691.1008143103661,204.1895222669672,1404,2248,362,262,1,0
4.0,830.2739846110717,2642.406188127838,690.7188883652668,313.79538813485686,1324,2078,362,416,1,0
0.0,857.2542548696879,2899.7793590646484,694.8908837763306,0.0,1381,2543,362,5,1,0
1.0,901.9442406940764,2855.089373240258,694.8908837763306,0.0,1381,2543,362,5,1,0
2.0,874.2795344567114,2784.302702636361,694.8908837763306,98.45137684126284,1383,2433,362,113,1,0
3.0,843.9577170366671,2704.765256845808,694.8908837763306,208.31064005185755,1372,2316,362,222,1,0
4.0,812.0678333809462,2626.4772559109397,694.5750264554122,318.80438196336064,1305,2234,362,294,1,0
0.0,848.9222565617141,2930.000636362555,704.7124201065949,0.0,1381,2543,362,5,1,0
1.0,883.8112754302609,2895.111617494007,704.7124201065949,0.0,1381,2543,362,5,1,0
2.0,863.3186904600196,2832.2442512135135,704.7124201065949,83.35995125073143,1381,2483,362,65,1,0
3.0,836.9305422330237,2749.493486670317,704.7124201065949,192.498864020921,1365,2310,362,221,1,0
4.0,782.0132338597889,2687.208812445805,704.7124201065949,309.7008466186695,1289,2201,362,327,1,0
0.0,855.6386558545016,2876.6321428052947,704.730060769628,0.0,1381,2543,362,5,1,0
1.0,905.5155068260729,2827.1182357839907,704.3671168193588,0.0,1381,2543,362,5,1,0
2.0,900.8589688929578,2752.268170486264,704.3671168193588,79.50660323084143,1396,2401,362,132,1,0
3.0,868.107584623444,2671.944006355061,703.9739427812524,192.9753256696627,1374,2310,362,216,1,0
4.0,824.8977648004145,2595.0909239129855,702.8668787441222,314.145291971895,1298,2173,362,347,1,0
0.0,871.169987741077,2917.2993761266657,701.94945163699,0.0,1381,2543,362,5,1,0
1.0,912.8040359502577,2875.6653279174807,701.94945163699,0.0,1381,2543,362,5,1,0
2.0,895.1733153312443,2806.3407248028893,701.94945163699,86.95532373360064,1385,2443,362,101,1,0
3.0,865.9213833208654,2730.1618312835994,701.4425956428299,192.89300525742917,1398,2241,363,268,0,0
4.0,826.2847773998745,2651.755453119236,701.1056423780208,311.27294260759066,1313,2149,362,358,1,0
0.0,845.3087184610855,2951.8822320740524,693.9038898794516,0.0,1381,2543,362,5,1,0
1.0,880.3947710966664,2916.7961794384723,693.9038898794516,0.0,1381,2543,362,5,1,0
2.0,867.8074285359672,2846.6530443273323,693.9038898794516,82.73047767183986,1382,2478,362,69,1,0
3.0,846.2916406491322,2762.853238631713,693.9038898794516,188.0460712542941,1377,2314,362,223,1,0
4.0,804.8472339854317,2689.294832878403,693.9038898794516,303.04888367129695,1300,2202,362,332,1,0
0.0,856.8523077495506,2960.9791513759906,698.9340886184717,0.0,1381,2543,362,5,1,0
1.0,905.8977853440172,2911.933673781522,698.9340886184717,0.0,1381,2543,362,5,1,0
2.0,892.5904772689576,2840.541166882464,698.9340886184717,84.69981497411656,1381,2441,362,107,1,0
2.0,910.8085830666564,2811.280003291822,698.9340886184717,95.74287276705783,1366,2337,362,209,1,0
2.0,926.9985826208883,2787.4090069134036,698.5551935522516,103.80276465746368,1365,2288,362,258,1,0
0.0,861.9999468284616,2905.910907863473,698.0080767051383,0.0,1382,2543,362,4,1,0
1.0,910.383919675777,2857.526935016156,698.0080767051383,0.0,1382,2543,362,4,1,0
2.0,882.9993942433935,2792.5358165157245,698.0080767051383,92.37564393281924,1389,2416,362,124,1,0
3.0,840.8583685860992,2728.5775112833326,698.0080767051383,198.47497482250444,1371,2295,362,239,1,0
4.0,803.6354707041486,2657.0644095857187,698.0080767051383,307.2109744020654,1293,2232,362,294,1,0
0.0,867.2263797701391,2976.4725500521204,700.7116241717771,0.0,1381,2543,362,5,1,0
1.0,913.4911641363198,2930.207765685935,700.7116241717771,0.0,1381,2543,362,5,1,0
2.0,901.7661439433583,2860.538080843528,700.7116241717771,81.39470503536678,1387,2432,362,110,1,0
3.0,868.786282251869,2784.745313189788,700.7116241717771,190.16733438059532,1378,2318,362,221,1,0
4.0,820.98757283748,2709.8396052575854,699.9449302291616,313.63844566980447,1303,2214,362,322,1,0
0.0,845.7160184944408,2868.3282093426997,704.6561281154474,0.0,1382,2543,362,4,1,0
1.0,901.8170863641268,2812.227141473014,704.6561281154474,0.0,1382,2543,362,4,1,0
0.0,846.7235429081823,2906.701905306074,697.9004620727285,0.0,1382,2543,362,4,1,0
0.0,875.3486576280642,2935.664929701017,704.3102668307363,0.0,1381,2543,362,5,1,0
0.0,843.0927364496025,2977.02830625163,699.7554855330759,0.0,1381,2543,362,5,1,0
1.0,887.1229401923432,2932.99810250889,699.7554855330759,0.0,1381,2543,362,5,1,0
2.0,864.5663015553296,2870.975529576894,699.7554855330759,84.57921156900832,1381,2454,362,94,1,0
0.0,837.2909073469707,2918.9416584205164,699.0659346560343,0.0,1382,2543,362,4,1,0
0.0,872.8605737036239,2927.614393124097,699.2130435481391,0.0,1381,2543,362,5,1,0
1.0,921.1624856563044,2879.3124811714138,699.2130435481391,0.0,1381,2543,362,5,1,0
2.0,902.8202988999737,2812.9707278483834,699.2130435481391,84.68394007935767,1382,2458,362,89,1,0
3.0,880.4099398705141,2729.375525085309,699.2130435481391,190.6895018718927,1378,2345,362,197,1,0
4.0,840.2934538143892,2657.109404289784,699.2130435481391,303.07210872354256,1310,2242,362,299,1,0
0.0,850.4639098867593,2892.568532421641,690.7906243386656,0.0,1381,2543,362,5,1,0
1.0,900.4112115968693,2842.6212307115316,690.7906243386656,0.0,1381,2543,362,5,1,0
2.0,894.8314673246637,2771.321846162633,690.7906243386656,76.87912882110007,1381,2451,362,97,1,0
3.0,861.4288147040745,2701.932245914453,690.7906243386656,179.67138168987026,1376,2296,363,246,0,0
4.0,823.6408479983737,2629.3249145653226,690.7906243386656,290.06667974470315,1305,2221,363,320,0,0
5.0,926.4211227528876,2561.0591844296305,690.3889437431183,255.95381572142966,1118,2142,363,396,0,0
0.0,862.56968336022,2915.9927982315307,704.4539228709356,0.0,1381,2543,362,5,1,0
1.0,911.0962724451351,2867.951475037464,703.9686569800864,0.0,1381,2543,362,5,1,0
2.0,901.1432685551295,2787.8522562952244,703.9686569800864,90.05222263224499,1381,2447,362,101,1,0
3.0,877.564129144432,2705.2867831853837,703.9686569800864,196.19683515278354,1388,2268,362,260,1,0
4.0,835.5559589737705,2629.331314851331,703.1884354276921,314.9406952098909,1317,2144,362,380,1,0
0.0,838.14848228442,2947.324581336251,697.7798536227588,0.0,1381,2543,362,5,1,0
1.0,886.4770701385045,2898.9959934821663,697.7798536227588,0.0,1381,2543,362,5,1,0
2.0,874.5536588930626,2823.1581505875424,697.7798536227588,87.76125414006253,1381,2459,362,89,1,0
3.0,853.1355310068362,2740.658724305212,697.7798536227588,191.67880830861878,1386,2239,362,288,1,0
4.0,810.1729261035745,2673.101233035248,697.7798536227588,302.1989044818437,1317,2154,362,372,1,0
0.0,847.1643123348263,2938.432523371832,699.459273175734,0.0,1381,2543,362,5,1,0
1.0,892.6892396840841,2892.907596022573,699.459273175734,0.0,1381,2543,362,5,1,0
2.0,872.4558719115425,2823.913736173783,699.459273175734,89.22722762132987,1381,2453,362,95,1,0
3.0,845.9925776758228,2745.765968991389,699.459273175734,193.8382890394433,1364,2369,362,177,1,0
0.0,860.9247124997365,2923.360830973092,696.9443289695946,0.0,1381,2543,362,5,1,0
1.0,910.7040419220344,2873.5815015507937,696.9443289695946,0.0,1381,2543,362,5,1,0
2.0,913.4412581288848,2792.771679338953,696.9443289695946,78.07260600499403,1413,2369,362,147,1,0
3.0,882.6443699096984,2715.463881202673,696.9443289695946,186.17729236045918,1408,2266,362,241,1,0
4.0,837.8338107801576,2641.2308691796356,696.0250518679838,306.14014061464513,1336,2193,363,305,0,0
0.0,848.2107430337993,2924.177621591489,695.8771014064038,0.0,1381,2543,362,5,1,0
1.0,888.1038834876422,2884.284481137648,695.8771014064038,0.0,1381,2543,362,5,1,0
2.0,873.5931439155447,2808.7197748679237,695.8771014064038,90.07544584181936,1381,2469,362,79,1,0
3.0,833.659676298321,2737.373826316536,695.8771014064038,201.35486201043122,1368,2316,362,224,1,0
4.0,786.9649799490247,2669.4773747693475,695.016481379486,316.80662993383686,1308,2155,362,367,1,0
0.0,866.9091587257484,2938.417753203501,693.0567640956216,0.0,1381,2543,362,5,1,0
1.0,912.2767975908338,2893.050114338413,693.0567640956216,0.0,1381,2543,362,5,1,0
2.0,886.3001589081247,2828.9180320302576,693.0567640956216,90.10872099086357,1381,2439,362,109,1,0
3.0,855.1805983471924,2744.8566765443934,693.0567640956216,205.28963703766019,1363,2343,362,204,1,0
4.0,814.1143105020192,2672.3755427921888,693.0567640956216,318.8370586350348,1281,2217,362,323,1,0
0.0,845.9644003855016,2909.416710708216,694.8994461405988,0.0,1381,2543,362,5,1,0
1.0,891.6374407130577,2863.7436703806616,694.8994461405988,0.0,1381,2543,362,5,1,0
2.0,880.6355904777363,2791.6960626003124,694.8994461405988,83.04945801566973,1385,2448,362,96,1,0
3.0,854.6803570414295,2711.491088514063,694.8994461405988,189.2096655382254,1370,2322,362,218,1,0
4.0,823.4260633541859,2634.313104921665,694.5588654521042,297.98252350635687,1291,2188,362,349,1,0
0.0,879.5214180644347,2899.3289362279093,695.6770019807723,0.0,1382,2543,362,4,1,0
1.0,911.4676397649113,2867.382714527429,695.6770019807723,0.0,1382,2543,362,4,1,0
2.0,878.9756963140351,2806.630695508926,695.6770019807723,93.243962469378,1383,2489,362,57,1,0
3.0,852.4729899636704,2731.230301782784,695.6770019807723,195.1470625458866,1361,2377,362,169,1,0
4.0,808.9650100661837,2660.188986219912,694.4806513017859,310.8927086852249,1289,2209,362,331,1,0
0.0,869.6778702239699,2980.46287667487,691.8997090556499,0.0,1381,2543,362,5,1,0
1.0,911.1162767010075,2939.0244701978318,691.8997090556499,0.0,1381,2543,362,5,1,0
2.0,891.0485926960812,2869.9477180801423,691.8997090556499,89.14443612261292,1383,2452,362,94,1,0
3.0,850.5206662421889,2799.163906818638,691.8997090556499,200.456173838005,1371,2358,362,184,1,0
0.0,876.3827212236035,2917.8829286364453,706.3298399372339,0.0,1382,2543,362,4,1,0
1.0,923.3180276045124,2870.9476222555363,706.3298399372339,0.0,1382,2543,362,4,1,0
2.0,908.2757015507757,2798.2753249961843,706.3298399372339,87.71462331309019,1386,2424,362,119,1,0
3.0,878.7370219555028,2715.166214146117,706.3298399372339,200.36241375842434,1383,2269,363,266,0,0
4.0,838.3597814368945,2633.4759553745903,706.3298399372339,322.4299130485648,1312,2097,363,424,0,0
0.0,864.2078635349868,2939.9629712001247,693.9548497813139,0.0,1381,2543,362,5,1,0
1.0,911.7362813648667,2892.4345533702435,693.9548497813139,0.0,1381,2543,362,5,1,0
2.0,895.910566402324,2822.613401784972,693.9548497813139,85.64686654781211,1384,2435,362,110,1,0
3.0,874.7412055578894,2737.528945120872,693.6189053147085,192.23662852295791,1371,2354,362,187,1,0
4.0,846.5788907247878,2657.237048642284,692.6680160933172,301.6417290560375,1322,2157,362,367,1,0
0.0,844.3998332245459,2937.816403614139,697.1031954899378,0.0,1381,2543,362,5,1,0
1.0,887.2741037266034,2894.9421331120807,697.1031954899378,0.0,1381,2543,362,5,1,0
2.0,880.5060363054827,2823.0462133447004,697.1031954899378,78.66398718849925,1385,2426,362,118,1,0
3.0,846.7373034462479,2749.563605874301,697.1031954899378,185.91532751813293,1369,2334,362,207,1,0
4.0,817.7400072926017,2669.8120885670137,696.5334256667512,295.2339108022523,1287,2219,362,319,1,0
0.0,860.2787119070406,2938.119907964134,695.8533709186811,0.0,1381,2543,362,5,1,0
1.0,906.9051854907018,2891.493434380473,695.8533709186811,0.0,1381,2543,362,5,1,0
2.0,897.7707672186555,2817.3336352133483,695.8533709186811,83.29421743917442,1387,2424,362,118,1,0
3.0,865.3132124085656,2741.7865757894738,695.8533709186811,191.29883167313395,1374,2330,362,208,1,0
4.0,825.8433338815047,2667.4623645413835,695.8533709186811,305.09292144828134,1294,2251,362,282,1,0
0.0,861.9719957455767,2932.696143379772,706.4724667587936,0.0,1381,2543,362,5,1,0
1.0,907.9010947250295,2886.767044400319,706.4724667587936,0.0,1381,2543,362,5,1,0
2.0,878.9587776791499,2819.679916398434,706.4724667587936,96.02944504776075,1382,2465,362,82,1,0
3.0,842.0555157804953,2744.8772094234905,706.4724667587936,207.7354139213567,1376,2335,362,207,1,0
4.0,802.8551138774745,2675.875900360333,705.4190219913949,316.9905696549335,1304,2190,363,346,0,0
0.0,859.2545026668756,2897.7329278171774,696.7096408448612,0.0,1382,2543,362,4,1,0
1.0,905.76066339993,2851.2267670841256,696.7096408448612,0.0,1382,2543,362,4,1,0
2.0,886.946123863076,2775.68024456858,696.7096408448612,94.36106205240206,1389,2419,362,121,1,0
3.0,851.945025393846,2693.187892375013,696.7096408448612,211.85451271519744,1377,2311,362,226,1,0
4.0,820.771548663363,2611.6475909125643,696.7096408448612,324.56829090812954,1307,2126,362,386,1,0
0.0,852.504924456217,2913.6511559711407,698.0598183094932,0.0,1381,2543,362,5,1,0
1.0,903.7768103694862,2862.3792700578647,698.0598183094932,0.0,1381,2543,362,5,1,0
2.0,902.5734797039419,2781.926144954137,698.0598183094932,81.65645576927092,1400,2384,362,145,1,0
3.0,866.8242677000857,2705.8463005118656,697.5512137596046,193.99411676528882,1395,2260,362,262,1,0
4.0,818.6459969253011,2630.5556631484505,697.1372670888646,317.8769715742328,1305,2175,361,345,2,0
5.0,925.0816525943515,2555.3175439022825,696.5328722923292,287.28382994788126,1144,2075,360,436,3,0
0.0,844.1754436867965,2946.136117245063,701.86517738568,0.0,1382,2543,362,4,1,0
1.0,892.729967932006,2897.9097873836104,701.5369830019213,0.0,1382,2543,362,4,1,0
2.0,879.4761372160141,2823.2153171575137,701.5369830019213,87.9483009420869,1411,2383,361,135,2,0
3.0,859.4393785350597,2735.5393823092436,701.5369830019213,195.66099447131288,1408,2285,361,229,2,0
4.0,818.7205919223775,2654.8268324202363,700.9405783860432,317.6887355888815,1328,2177,362,334,1,0
0.0,852.6488493706074,2996.0481154647946,689.1136974522666,0.0,1382,2543,362,4,1,0
1.0,910.8524167511002,2937.844548084297,689.1136974522666,0.0,1382,2543,362,4,1,0
2.0,898.6094865711796,2863.6829950203505,689.1136974522666,86.40448324386772,1416,2337,362,176,1,0
3.0,859.0617656461727,2788.915409123733,689.1136974522666,200.71979006549168,1406,2222,362,284,1,0
4.0,810.2410823811472,2711.7922046039666,687.4606048458238,328.3167704567259,1336,2153,362,341,1,0
0.0,846.6265756914266,2940.1955342652545,701.1498616422082,0.0,1381,2543,362,5,1,0
1.0,896.0095399302791,2890.812570026403,701.1498616422082,0.0,1381,2543,362,5,1,0
2.0,868.9677144602873,2828.7036134969435,701.1498616422082,89.15078199944985,1410,2372,362,147,1,0
3.0,842.9586632533337,2744.48343253958,701.1498616422082,199.38001416376304,1401,2313,362,191,1,0
4.0,809.1068125890823,2666.779895905475,700.0381204034145,312.0471427009133,1344,2160,362,335,1,0
0.0,862.2854431447043,2958.599171474466,706.857650629273,0.0,1381,2543,362,5,1,0
1.0,907.2258262403076,2913.658788378861,706.857650629273,0.0,1381,2543,362,5,1,0
2.0,895.240072156101,2836.3576922612697,706.857650629273,89.28685020179299,1385,2436,362,108,1,0
3.0,869.4089400652255,2752.275192728645,706.857650629273,199.2004818252929,1378,2297,362,239,1,0
4.0,830.9313731399947,2677.0551902306465,705.978798310023,313.77690356777174,1310,2224,362,307,1,0
4.0,830.9313731399947,2677.0551902306465,705.978798310023,313.77690356777174,1149,2123,360,405,3,0
0.0,865.7108927358523,2913.1111635796865,698.3805381191438,0.0,1381,2543,362,5,1,0
1.0,909.1038054500968,2869.718250865439,698.3805381191438,0.0,1381,2543,362,5,1,0
2.0,880.4863037170335,2807.657905036668,698.3805381191438,90.67784756183441,1381,2458,362,90,1,0
3.0,847.2730202395153,2731.4526562464353,698.3805381191438,200.0963798295864,1365,2326,362,214,1,0
4.0,820.3017695136069,2652.00228353148,697.5818160455915,307.31672534399803,1286,2241,362,296,1,0
0.0,843.7517679371954,2931.8954628303977,693.5704302080795,0.0,1381,2543,362,5,1,0
1.0,885.4356149881341,2890.211615779458,693.5704302080795,0.0,1381,2543,362,5,1,0
2.0,880.7069574846546,2811.6818316808312,693.5704302080795,83.25844160210588,1382,2471,362,76,1,0
3.0,861.6961578620468,2728.6127744814353,693.5704302080795,185.3382984241083,1373,2289,362,246,1,0
4.0,817.4025727003019,2658.253652339049,692.7601739222602,300.8012620140561,1294,2186,363,347,0,0
0.0,861.6283067176588,2898.932978312396,701.1186744455764,0.0,1381,2543,362,5,1,0
1.0,923.4098227056031,2837.151462324449,701.1186744455764,0.0,1381,2543,362,5,1,0
2.0,913.6033906040925,2761.6898017102044,701.1186744455764,85.26809271575681,1418,2323,362,188,1,0
3.0,885.5825429450827,2681.982474310412,701.1186744455764,192.99626777456444,1413,2249,362,249,1,0
4.0,833.4498940852664,2610.3535205368203,699.9510086758297,317.9255361777168,1338,2122,362,367,1,0
0.0,857.2625558593015,2914.913274843197,694.4337523284937,0.0,1381,2543,362,5,1,0
1.0,902.372590893396,2869.803239809102,694.4337523284937,0.0,1381,2543,362,5,1,0
0.0,853.7737615620099,2971.905773406289,697.5378020087091,0.0,1381,2543,362,5,1,0
0.0,858.2507503109642,2923.770215758519,690.6585286286906,0.0,1381,2543,362,5,1,0
1.0,903.9987835984422,2878.48144331061,690.1992677891212,0.0,1381,2543,362,5,1,0
2.0,895.4408296520558,2799.77208455601,690.1992677891212,87.2673127009869,1384,2445,362,100,1,0
3.0,858.6150460263259,2729.9805780914035,690.1992677891212,193.88460279132724,1378,2331,362,208,1,0
4.0,829.4831758127235,2655.4023195520163,689.3529964274078,298.4410029060269,1296,2204,362,329,1,0
0.0,888.424570605845,2901.587835466656,695.7086612859041,0.0,1381,2543,362,5,1,0
0.0,867.1517728313717,2935.0626408378766,693.8062747638866,0.0,1381,2543,362,5,1,0
0.0,870.0243231206263,2901.558258889282,706.6179733268168,0.0,1382,2543,362,4,1,0
0.0,871.7789579546013,2936.744229591218,690.1502560139066,0.0,1382,2543,362,4,1,0
0.0,854.0326390570301,2917.55787264929,700.3872706087191,0.0,1381,2543,362,5,1,0
0.0,842.4801869455789,2942.321900865821,687.1571578305217,0.0,1381,2543,362,5,1,0
0.0,850.4762899249697,2889.6009658614225,705.2383443715298,0.0,1381,2543,362,5,1,0
0.0,863.1875788788137,2942.5568537319614,699.1120644711204,0.0,1382,2543,362,4,1,0
0.0,843.9962837005581,2909.7599028101204,696.025637970195,0.0,1381,2543,362,5,1,0
0.0,850.8675970028947,2942.8237923667625,697.7211002087179,0.0,1382,2543,362,4,1,0
0.0,861.9489680251427,2988.9313196525186,691.517502401229,0.0,1381,2543,362,5,1,0
0.0,868.087379563029,2882.166743720048,699.2290233942099,0.0,1381,2543,362,5,1,0
0.0,855.3229215753423,2934.163853391354,698.4972110220721,0.0,1382,2543,362,4,1,0
0.0,850.7683777486204,2958.256152114536,696.9898424844315,0.0,1381,2543,362,5,1,0
0.0,876.382011802347,2929.2684444629463,700.1991544975846,0.0,1381,2543,362,5,1,0
0.0,871.9816517935158,2981.1166406998927,700.939907067838,0.0,1382,2543,362,4,1,0
0.0,865.4774186835648,2882.3300849606044,700.9576689670656,0.0,1381,2543,362,5,1,0
0.0,861.9880912720705,2964.012861921677,702.5441438680816,0.0,1381,2543,362,5,1,0
0.0,865.0407426981723,2900.399230505683,694.0040044270924,0.0,1382,2543,362,4,1,0
0.0,853.4996591605938,2970.39817937738,702.1338091553491,0.0,1382,2543,362,4,1,0
0.0,868.3402831413925,2977.5271503575686,702.9388596217728,0.0,1381,2543,362,5,1,0
0.0,866.2891747020925,2942.899321000747,704.5882434232965,0.0,1381,2543,362,5,1,0
0.0,860.5034338663475,2919.6869485217057,696.3400479654293,0.0,1381,2543,362,5,1,0
1.0,919.0781359810626,2861.11224640699,696.3400479654293,0.0,1381,2543,362,5,1,0
2.0,903.1516345225638,2781.605978376288,696.3400479654293,95.4327694892084,1418,2343,362,168,1,0
3.0,867.1594219469307,2693.630266945204,696.3400479654293,219.40069349592378,1410,2216,362,286,1,0
4.0,817.7752875911372,2621.3389872845332,695.5922915775983,341.8238639002188,1323,2140,362,355,1,0
0.0,858.1087869099207,2896.172096776078,698.5951125055616,0.0,1381,2543,362,5,1,0
1.0,901.2620769431566,2853.018806742843,698.5951125055616,0.0,1381,2543,362,5,1,0
2.0,885.7979503505098,2781.7890048100357,698.5951125055616,86.69392852545234,1382,2462,362,85,1,0
3.0,862.2216913528184,2703.5012578348255,698.5951125055616,188.55793449835357,1370,2297,362,241,1,0
4.0,823.4885453197086,2629.8658618013446,698.242697339119,301.27889173138254,1310,2147,362,381,1,0
0.0,859.8919207402902,2927.0957800823526,699.4598352090642,0.0,1381,2543,362,5,1,0
1.0,902.7145247550219,2884.2731760676197,699.4598352090642,0.0,1381,2543,362,5,1,0
2.0,895.6248908598545,2814.8782463084035,699.4598352090642,76.48456365438139,1383,2462,362,84,1,0
3.0,869.496095157357,2744.8381620637865,699.4598352090642,172.65344360149672,1368,2363,362,181,1,0
4.0,829.303043821673,2667.76648086628,698.6493658723472,290.7286454714039,1306,2253,362,283,1,0
0.0,861.6826741732746,2941.786046257958,700.0506192463043,0.0,1382,2543,362,4,1,0
0.0,854.1097142185911,2965.9473836454868,704.6398346092236,0.0,1381,2543,362,5,1,0
1.0,896.7157417529868,2923.8063395283853,704.1748511919303,0.0,1381,2543,362,5,1,0
2.0,893.3535207974874,2847.621573394245,704.1748511919303,79.54698708963538,1382,2453,362,94,1,0
3.0,870.8105936327128,2766.5227857016184,704.1748511919303,183.18870194703044,1369,2298,362,244,1,0
4.0,828.9954993300722,2685.7902906034005,703.2431943381602,306.6679482016595,1319,2125,362,399,1,0
0.0,873.7815425446234,2898.3411199835205,704.6418105541482,0.0,1381,2543,362,5,1,0
1.0,912.5840966337181,2859.538565894425,704.6418105541482,0.0,1381,2543,362,5,1,0
2.0,893.2326553592301,2794.8181819561933,704.6418105541482,84.07182521271832,1381,2475,362,73,1,0
3.0,845.2532798344579,2740.127572524545,704.6418105541482,186.74181016913823,1362,2378,362,168,1,0
4.0,795.976387780681,2681.7989652903757,704.6418105541482,294.3473094570838,1289,2302,363,243,0,0
0.0,848.1645928576453,2945.31684381298,692.9917100496391,0.0,1381,2543,362,5,1,0
1.0,890.67346449367,2902.807972176955,692.9917100496391,0.0,1381,2543,362,5,1,0
2.0,865.1546923584004,2839.7108757818387,692.9917100496391,88.61586853038682,1383,2459,362,87,1,0
3.0,837.4491496704601,2757.4206708485817,692.9917100496391,198.61161615158343,1377,2317,362,218,1,0
4.0,774.7159757891311,2697.4063251953567,692.9917100496391,321.3591356861364,1293,2238,362,291,1,0
0.0,859.8009346486431,2896.558928599653,698.0144697524759,0.0,1381,2543,362,5,1,0
1.0,462.5359878419942,2896.558928599653,698.0144697524759,397.26494680664825,1381,2543,362,5,1,0
2.0,234.53313155058333,2896.558928599653,698.0144697524759,625.2678030980597,1290,2545,362,3,1,0
3.0,82.80960346668071,2896.558928599653,698.0144697524759,776.9913311819619,990,2547,362,1,1,0
4.0,786.1719215842447,2896.558928599653,698.0144697524759,73.62901306439763,391,2547,363,1,0,0
5.0,864.0538583138332,2887.736708700399,694.9846875359784,7.5937659890608895,1281,2543,362,5,1,0
6.0,878.2354605647492,2878.262972497706,692.5096449490346,4.756440614290046,1371,2522,354,26,9,0
7.0,874.5639984201028,2868.227667668484,691.4283378960291,14.944359853698614,1380,2509,349,39,14,0
8.0,877.8754655162724,2852.3194724936156,687.6904390110824,24.963144020938415,1381,2509,353,39,10,0
9.0,886.1452885360559,2834.6412753242744,685.2322789194968,28.292344216210797,1382,2507,348,40,15,0
10.0,890.5788688192522,2827.5910917155616,681.4951936673573,27.099127188855242,1382,2492,339,55,24,0
11.0,895.7593405097911,2809.0748247458037,677.3992777964188,31.12809183640287,1382,2494,328,53,35,0
12.0,899.8571699324343,2812.376837551155,675.0283328697706,26.099194535056746,1382,2481,324,66,39,0
13.0,901.9210209762952,2818.87356520741,671.7919024573574,20.775046247352638,1382,2472,315,75,48,0
14.0,908.7012861189958,2824.3553813478843,668.0975042088265,12.207363212707634,1382,2479,313,68,50,0
15.0,915.1943357770297,2820.0968696740483,665.0758901151925,12.994439322145219,1382,2485,309,62,54,0
16.0,914.5555898981909,2821.064054795793,662.2349907619966,15.524140483437037,1382,2475,299,72,64,0
17.0,919.3514215637945,2815.720710911895,658.8194684920528,17.178619315031654,1382,2472,292,75,71,0
18.0,920.8939305528335,2817.401114212403,653.6217233525118,18.111349597320235,1382,2473,286,74,77,0
19.0,925.2152462596647,2810.1546882713565,647.5677788387251,22.746397518081256,1382,2482,276,65,87,0
20.0,918.7245899946303,2811.5256374835258,645.2496710051008,25.614541188463242,1382,2479,267,68,96,0
0.0,839.9497828175773,2951.905571451782,707.7960100790257,0.0,1381,2543,362,5,1,0
1.0,465.2019684887246,2951.905571451782,707.7960100790257,374.74781432885277,1381,2543,362,5,1,0
2.0,231.9784584055679,2951.905571451782,707.7960100790257,607.9713244120073,1290,2544,362,4,1,0
3.0,87.38811437990026,2951.905571451782,707.7960100790257,752.5616684376766,981,2546,362,2,1,0
4.0,744.1810069099313,2951.905571451782,707.7960100790257,95.76877590764612,420,2548,363,0,0,0
5.0,845.5684905156427,2939.3267952724036,703.808411443513,10.357510779167423,1266,2543,362,5,1,0
6.0,856.4696176879721,2932.5808097607232,700.1543982030885,7.737573105046164,1371,2506,349,41,14,0
7.0,855.5377279113542,2921.9460349451924,699.2834418872504,16.808012657014416,1379,2510,342,37,21,0
8.0,859.2652830313945,2902.7729941951898,696.6458844775385,27.484460419386778,1381,2520,351,27,12,0
0.0,840.7765345951046,2947.3107906395926,707.8415081072089,0.0,1381,2543,362,5,1,0
1.0,840.7765345951046,2947.3107906395926,707.8415081072089,0.0,1381,2543,362,5,1,0
2.0,840.7765345951046,2947.3107906395926,707.8415081072089,0.0,1381,2543,362,5,1,0
3.0,840.7765345951046,2947.3107906395926,707.8415081072089,0.0,1381,2543,362,5,1,0
4.0,840.7765345951046,2947.3107906395926,707.8415081072089,0.0,1381,2543,362,5,1,0
5.0,464.5241565450732,2939.928204079463,706.8448771525232,384.66700838517255,1381,2543,362,5,1,0
6.0,244.0091722594472,2931.9327445742065,704.7077948612393,614.0397625039119,1315,2527,360,21,3,0
7.0,93.45049205409862,2926.929927636502,701.3170247752571,770.9027388775132,1023,2520,356,28,7,0
8.0,782.6842804427592,2915.0989791711177,699.6669094976969,90.56513469305726,369,2521,350,26,13,0
9.0,852.3149230781493,2890.627266740062,696.7959044276035,37.44905359658997,1290,2517,348,30,15,0
10.0,863.2359880293502,2872.7732462212407,692.7204723890766,39.86193680636148,1371,2511,342,36,21,0
11.0,872.81386367642,2850.932954504509,688.3141267337242,43.15125081474644,1381,2502,336,45,27,0
12.0,873.2032011574787,2863.258365034433,687.1854645954797,31.56516494200871,1383,2499,326,47,37,0
13.0,879.4120470325391,2870.043124981583,684.2475637002051,21.509460015073465,1383,2493,330,53,33,0
14.0,875.753087141818,2882.1460461728357,683.166188629212,14.146873785535272,1386,2479,318,64,45,0
15.0,886.0540677435289,2875.510898303669,680.451340771505,13.19588891069584,1385,2495,316,48,47,0
16.0,887.8704850834841,2877.5298023263163,675.8562806895967,13.844541333033167,1383,2492,314,51,49,0
17.0,897.7067258842781,2872.630797058198,673.486464134574,11.84529798341356,1383,2498,308,45,55,0
18.0,897.4943304647065,2866.8788946606674,672.095483887363,15.519813967359507,1386,2473,297,70,66,0
19.0,900.5776700033961,2854.141339890585,668.3076390030604,22.53131676528607,1386,2473,294,70,69,0
20.0,905.0514107926124,2847.4455018792855,662.7189718048388,24.052399006067244,1386,2484,296,59,67,0
21.0,905.3298196199548,2837.6635527694643,660.819245981888,25.54733075217623,1386,2489,289,54,74,0
22.0,915.240501690405,2819.195144178424,656.8452714278559,26.48913791510907,1386,2475,278,68,85,0
23.0,912.5235073327508,2801.435479648522,651.6182229106086,36.77581948371034,1386,2472,272,71,91,0
24.0,922.3105225772723,2803.161269013874,647.8051124718705,29.076125312574327,1386,2485,271,58,92,0
25.0,923.8322894487521,2811.980006814739,642.5355571585977,24.00517595350297,1386,2474,258,69,105,0
26.0,924.6311401073757,2824.2781861489334,641.2229303728121,12.22077274646957,1386,2484,265,59,98,0
27.0,931.6557302345909,2825.709526169149,634.5319049265422,10.455868045307895,1386,2495,270,48,93,0
